City Market Deli,"1375 N Scottsdale Rd
Scottsdale, AZ 85257"
Indigo Joe's Sports Pub & Restaurant,"2855 N Power Rd
Ste 101
Mesa, AZ 85215"
Sahara Nights,"933 E University Dr
Ste 110
Tempe, AZ 85281"
Starliner Diner,"5111 W Maryland Ave
Glendale, AZ 85301"
Skyline Aquatic Center,"845 S Crismon Rd
Mesa, AZ 85208"
Gymboree Play & Music,"7077 E Bell Rd
Ste 205
Scottsdale, AZ 85254"
Top of the Reef,"13012 N Cave Creek Rd
Ste 1
Phoenix, AZ 85022"
Desert Breeze Railroad,"660 N Desert Breeze Boulevard E
Chandler, AZ 85226"
Wupatki National Monument,"US Highway 89 N
12 miles north of Flagstaff
Casa Grande, AZ 85294"
LA Boxing,"3434 W Greenway Rd
Phoenix, AZ 85053"
Chandler City,"55 N Arizona Pl
Ste 301
Chandler, AZ 85225"
Desert Horizon Park,"16002 N 56th St
Scottsdale, AZ 85254"
Vans Golf Shop,"3217 E Camelback Road
Phoenix, AZ 85018"
Chuparosa Park,"2400 S Dobson Rd.
Chandler, AZ 85249"
A Little Surprise,"14763 W Cactus Rd
Surprise, AZ 85378"
As You Wish Pottery Painting Place,"2970 E Germann Rd
Ste 4
Chandler, AZ 85286"
"Encanterra, a Trilogy Country Club","1035 East Combs Road
San Tan Valley, AZ 85140"
Empire Dancesport,"7000 E Shea Blvd
Ste 1410
Scottsdale, AZ 85254"
Gateway Desert Awareness Park,"38100 N Vermeesch Rd
Cave Creek, AZ 85331"
Anthem Golf and Country Club,"2708 W Anthem Club Dr
Anthem, AZ 85086"
The Duke At Rancho El Dorado,"42660 W Rancho El Dorado Pkwy
Maricopa, AZ 85239"
Cactus Aquatics & Fitness Center,"7202 E. Cactus Road
Scottsdale, AZ 85260"
The Bead Museum,"5754 W Glenn Dr
Glendale, AZ 85301"
The Dance Project,"19205 N 83rd Ave
Ste 101
Peoria, AZ 85382"
Higley Center For the Performing Arts,"4132 E Pecos Rd
Gilbert, AZ 85295"
Scottsdale Street Fair,"9175 E Indian Bend Rd
Scottsdale, AZ 85250"
Aguila Golf Course,"8440 S 35th Ave
Phoenix, AZ 85339"
Coffee Garden,"9800 E Indian Bend Rd
Scottsdale, AZ 85256"
Fiddlesticks Family Fun Park,"8800 E Indian Bend Rd
Scottsdale, AZ 85250"
Sundance Studios,"2445 E Baseline Rd
Ste 133
Phoenix, AZ 85042"
Folley Pool,"600 E Fairview Dr
Chandler, AZ 85224"
Denny's,"1661 E Warner Rd
Gilbert, AZ 85296"
Hillcrest Golf Course,"20002 N Star Ridge Dr
Sun City West, AZ 85375"
Orangetheory Fitness Tempe,"1855 E Guadalupe Rd
Ste A-102
Tempe, AZ 85283"
Strong Beer Festival,"300 E Indian School
Phoenix, AZ 85012"
Anytime Fitness,"32409 North Scottsdale Rd
Suite 105
Scottsdale, AZ 85266"
Scuba Specialties,"4139 W Bell Rd
Phoenix, AZ 85053"
The Estancia Club,"27998 N 99th Place
Scottsdale, AZ 85262"
Halal Deshi Food by I-Mart,"912 N Alma School
Chandler, AZ 85224"
Fred Astaire Dance Studio,"30 E Camelback Road
Phoenix, AZ 85012"
Subway,"18631 N 19th Ave
Ste 142
Phoenix, AZ 85027"
The UPS Store,"70 S Val Vista Dr
Gilbert, AZ 85296"
Cindy's Makin Faces,"10235 N Scottsdale Rd
Paradise Valley, AZ 85253"
Brandon Holt,"8665 E Hartford Dr
Ste 105
Scottsdale, AZ 85255"
Mega 104.3,"7434 E Stetson Dr
Ste 255
Scottsdale, AZ 85251"
St Joan of Arc Catholic Church,"3801 E Greenway Rd
Phoenix, AZ 85032"
Ryan Hicks Automotive,"38238 N 20th St
Phoenix, AZ 85086"
FedEx Office Print & Ship Center,"20930 N Tatum Blvd
Ste 110
Phoenix, AZ 85050"
J Crew,"7014 E Camelback Rd
Scottsdale, AZ 85251"
Four Sons Food Stores,"11425 E Via Linda
Scottsdale, AZ 85259"
AZ Big Boy Movers,"13229 S 48th St
Phoenix, AZ 85044"
Purcell's Western States Tire,"6020 W Thunderbird Road
Glendale, AZ 85306"
Ihop,"917 N Dobson Rd
Mesa, AZ 85201"
Pak Mail,"3941 E Chandler Blvd
Ste 106
Phoenix, AZ 85048"
Norton's Country Corner,"20835 E Ocotillo Rd
Queen Creek, AZ 85242"
Black Mountain Summit Trail,"Schoolhouse Rd
Cave Creek, AZ 85331"
Budget 1 Hour Signs,"2535 E Indian School Rd
Phoenix, AZ 85016"
Bud's Service Center,"133 S Country Club Dr
Mesa, AZ 85210"
Elite Mobile Auto Detailing,"University Dr
Mesa, AZ 85203"
Wickenburg Country Club,"1420 W Country Club Drive
Wickenburg, AZ 85390"
Water Fountain,"12801 W Bell Road
Suite 3
Surprise, AZ 85374"
Inspire Kids Montessori,"4025 E Chandler Blvd
Ste 11
Phoenix, AZ 85048"
Desert Schools Federal Credit Union,"13200 W McDowell Rd
Goodyear, AZ 85395"
Zuma Grill,"605 S Mill Avenue
Tempe, AZ 85281"
"Youfit Tolleson, AZ","9897 W Mcdowell Rd
Tolleson, AZ 85392"
Pool Shop,"3636 E Ray Rd
Ste 12
Phoenix, AZ 85044"
Cambridge Academy,"9412 E Brown Road
Mesa, AZ 85207"
"Joseph H Davis, DDS","3003 N Central Ave
Ste 630
Phoenix, AZ 85012"
The Ups Store,"7650 S McClintock Dr
Ste 103
Tempe, AZ 85284"
Napa Auto Parts,"1022 N Gilbert Rd
Gilbert, AZ 85234"
Valley King Properties,"1930 S Dobson Rd
Mesa, AZ 85202"
Valero Corner Store,"13926-13980 W Bell Rd
Surprise, AZ 85374"
Tempe Groves,"909 W Grove Pkwy
Tempe, AZ 85283"
Camelot Granite LLC,"5345 E Van Buren St
Phoenix, AZ 85034"
Creating Magic Nail Salon,"3243 E Indian School Rd
Ste 105
Phoenix, AZ 85018"
Langert Netzband Jewelers Company,"1526 W Camelback Rd
Phoenix, AZ 85015"
"Julie Anne Castilla, MD","9823 N 95th St
Ste 101
Scottsdale, AZ 85258"
Blue Ribbon Mobile Grooming,"16043 N 82nd St
Scottsdale, AZ 85260"
Southwest Valley YMCA,"2919 N Litchfield Road
Goodyear, AZ 85338"
Banner Health Center,"17900 N Porter Rd
Maricopa, AZ 85138"
Circle K,"1850 W Happy Valley Rd
Phoenix, AZ 85085"
Pier 1 Imports,"2501 W Happy Valley Road
Phoenix, AZ 85085"
"Alcuin Books, ABAA","4242 N Scottsdale Rd
Scottsdale, AZ 85251"
Jersey Mike's,"14071 West Bell Road
Surprise, AZ 85374"
Lutheran Thrift Shop,"10737 W Peoria Ave
Sun City, AZ 85351"
Baskin-Robbins,"4406 E Main Street
Ste 101
Mesa, AZ 85205"
FedEx Office Ship Center,"4435 S Rural Rd
Tempe, AZ 85282"
The Natural Pet,"6908 E Belleview St
Scottsdale, AZ 85257"
Four Peaks Neurology,"9746 N 90th Pl
Ste 203
Scottsdale, AZ 85258"
Phoenix Pediatric Dental,"6750 N 19th Ave
Phoenix, AZ 85015"
Bath And Body Works,"8969 E Indian Bend Rd
Ste 6
Scottsdale, AZ 85250"
Ellsworth Home Services,"700 N Neely Rd
Ste 1
Gilbert, AZ 85233"
Famous Footwear,"21001 N Tatum Blvd #60
Desert Ridge Marketplace
Phoenix, AZ 85050"
Pediatric Associates PC,"7600 N 15th Street
Phoenix, AZ 85020"
Desert Tumbling,"21501 N 78th Ave
Ste 105
Peoria, AZ 85382"
Oak Creek,"455 N 3rd St
Phoenix, AZ 85004"
Blimpie,"7975 N Hayden Rd
Ste D275
Scottsdale, AZ 85258"
Mike Kortas,"Nova Home Loans
3075 W Ray Rd Ste 501
Chandler, AZ 85226"
Ross Store Inc,"877 E Baseline Rd
Gilbert, AZ 85233"
