McDonald's,"8325 W Deer Valley Road
Peoria, AZ 85382"
Big Burrito Mexican Food,"1919 W Dunlap Ave
Phoenix, AZ 85021"
Burger King,"20197 N 67th Ave
Glendale, AZ 85308"
Tio Freddys Mexican Food-Jalapenos,"5630 W Camelback Rd
Glendale, AZ 85301"
RJ's Sports Grill,"3128 E Cactus Rd
Phoenix, AZ 85032"
RigaTony's,"223 E Brown Rd
Mesa, AZ 85201"
Little Caesars,"2992 N Alma School Rd
Chandler, AZ 85225"
Jack In The Box,"1921 W Broadway
Phoenix, AZ 85041"
Life Cafe,"Lifetime Fitness
6850 E Chauncey Ln
Scottsdale, AZ 85250"
La Pupusa Loca,"4316 W Thomas Rd
Phoenix, AZ 85031"
Baskin Robbins,"20567 N Hayden Rd
Scottsdale, AZ 85255"
Taco Bell,"34906 N Valley Parkway
Phoenix, AZ 85086"
Cafe @ Rio,"Rio Salado College
2323 W 14th St
Tempe, AZ 85281"
La Sonorense Tortilla Factory,"5403 S Central Ave
Phoenix, AZ 85040"
Bahama  Bucks,"21803 S Ellsworth Rd
Ste E
Queen Creek, AZ 85242"
Cold Stone Creamery,"2915 S Alma School Rd
Ste 6
Chandler, AZ 85286"
Leslie's Swimming Pool Supplies,"3130 S Mcclintock Dr
Tempe, AZ 85282"
Tonopah Rob's Vegetable Farm,"35838 W Buckeye Rd
Goodyear, AZ 85338"
Roka Boutique,"20118 N 67th Avenue
Suite 300
Glendale, AZ 85308"
Madewell,"7014 East Camelback Road
Scottsdale, AZ 85251"
Sage,"335 W McDowell Rd
Phoenix, AZ 85003"
Jack-In-the-Box,"4119 N 7th St
Phoenix, AZ 85014"
In-N-Out Burger,"34850 N Valley Pkwy
Phoenix, AZ 85086"
Subway,"15560 N Frank Lloyd Wright
Ste B
Scottsdale, AZ 85260"
Carters Childwear,"3401 W Frye Road
Chandler, AZ 85226"
Sam's Club,"2005 E Indian School Rd
Phoenix, AZ 85016"
Advanced Laser Clinics,"6120 W Bell Rd
Ste 120
Glendale, AZ 85308"
iBrow & Skin Spa,"7320 E 6th Ave
Scottsdale, AZ 85251"
"Bed, Bath & Beyond","21258 South Ellsworth Loop Rd
Queen Creek, AZ 85242"
Valley Fair Liquor,"121 E Southern Ave
Tempe, AZ 85282"
Estrella Pharmacy,"9305 W Thomas Rd
Ste 185
Phoenix, AZ 85037"
Ultimate Electronics,"15020 N Northsight Blvd
Scottsdale, AZ 85260"
What Women Want Swimwear,"1825 E Guadalupe Rd
Ste 106
Tempe, AZ 85283"
Party City,"2738 W Peoria Ave
Phoenix, AZ 85029"
Softque Computers,"62 N Stapley Dr
Mesa, AZ 85203"
Hampton Inn Phoenix Airport,"4234 S 48th Street
Phoenix, AZ 85040"
Panda Express,"3932 E Thunderbird Rd
Suite 111
Phoenix, AZ 85032"
Taqueria Yaqui,"3516 E McDowell Rd
Phoenix, AZ 85008"
Athena Hair Extensions,"9020 S Mcclintock
Studio 9
Tempe, AZ 85284"
Krispy Kreme Doughnuts,"12629 N Paradise Village Pkwy W
Paradise Valley, AZ 85032"
Hops and Tannins,"3434 W Anthem Way
Ste 140
Anthem, AZ 85086"
Bowers Automotive,"625 E McKellips Rd
Ste 4
Mesa, AZ 85203"
Venezia Bakery,"207 S Siesta Lane
Tempe, AZ 85281"
VXO Nails & Feet Reflexology,"N Cooper Rd
Ste 108
Gilbert, AZ 85233"
Gamestop,"10030 W McDowell Road
Suite 150
Avondale, AZ 85323"
Beauty Secrets,"L'Mage Studios
3459 E Baseline Rd, Ste 15
Gilbert, AZ 85224"
Revitalize Bodywork,"10405 N Scottsdale Rd
Suite 3
Scottsdale, AZ 85253"
Mel's Auto & Hardware,"19563 N Maricopa Rd
Maricopa, AZ 85239"
Bob's RC Heaven,"13915 N Dysart Rd
Ste B2
El Mirage, AZ 85335"
Just Relax,"9617 N Metro Pkwy W
Ste 1172
Phoenix, AZ 85051"
Revolver Records,"3306 S McClintock Dr
Tempe, AZ 85282"
Dunkin Donuts,"1855 S Signal Butte Rd
Mesa, AZ 85209"
Ann Taylor Loft,"5000 S Arizona Mills Cir
Ste 405
Tempe, AZ 85281"
Pat's Cleaners,"11675 N 136th St
Ste 101
Scottsdale, AZ 85259"
DeChance & Company,"2323 N Central Ave
Ste 101
Phoenix, AZ 85004"
Akimel O'othham & On-Auk-Mor Indian Smoke Shops & Cigarettes,"56th Street & Allison
Chandler, AZ 85224"
Gamestop,"1005 S Arizona Avenue
Chandler, AZ 85248"
Tonsorial Barber Shop,"3111 West Chandler Blvd
Chandler, AZ 85226"
Changes: Aveda Concept Salon,"7137 E Stetson Dr
Scottsdale, AZ 85250"
Rare Essence Studio,"818 W  Broadway Rd
Ste 103
Tempe, AZ 85282"
C & C Coin and Stamp,"3404 N 24th Street
Phoenix, AZ 85016"
Vito & Nick's Ii,"3321 E Queen Creek Rd
Gilbert, AZ 85298"
Vaquero's,"Apache  Terrace Rd
Tempe, AZ 85281"
L'mage Studios,"2735 S Alma School Rd
Ste 106
Chandler, AZ 85286"
Stephen Lynch Hair Studio,"3240 E. Camelback Rd
Ste 10
Phoenix, AZ 85018"
Alchemy,"7000 E Shea Blvd
Ste 1627
Scottsdale, AZ 85254"
Richard D's Barber Shop,"4105 N 51st Ave
Phoenix, AZ 85031"
On-Auk-Mor,"10115 E McDowell Rd
Scottsdale, AZ 85256"
Phoenix Produce Company,"522 S Central Ave
Phoenix, AZ 85004"
Fisherman's Choice Pro Shop,"13615 N 35th Ave
Phoenix, AZ 85029"
Hot Rod Grill,"4433 N 16th St
Phoenix, AZ 85016"
JJ's Barber Shop,"18700 N 107th Ave
Ste 29
Sun City, AZ 85373"
Water And Ice,"3909 E Thomas Rd
Ste 4
Phoenix, AZ 85018"
Great Clips For Hair,"6920 E Baseline Rd
Mesa, AZ 85208"
Batteries Plus,"14202 N Scottsdale Rd
Scottsdale, AZ 85254"
Payless Shoesource,"1428 N Litchfield Road
Goodyear, AZ 85338"
SAS Fabric by the Pound,"1111 E Indian School Rd
Phoenix, AZ 85014"
Domino's Pizza,"1241 E Chandler Blvd
Phoenix, AZ 85048"
Ice Now,"505 S Country Club Dr
Mesa, AZ 85210"
Physician's Choice Massage,"1840 E Warner Rd
Ste 128
Tempe, AZ 85284"
Little Caesars,"1151 W University Dr
Mesa, AZ 85201"
Rx Formulations,"5949 E University Dr
Mesa, AZ 85205"
Fry's & Fry's Marketplace,"5941 E McKellips Rd
Mesa, AZ 85215"
Liquidators Discount Center,"4224 W Indian School
Phoenix, AZ 85019"
48th Street Barber Shop,"4747 E Thomas Rd
Phoenix, AZ 85018"
Fry's & Fry's Marketplace,"4230 W McDowell Rd
Phoenix, AZ 85009"
Shav-Tronics,"1827 E Southern Ave
Tempe, AZ 85282"
The Firehouse,"1015 N 1st st
Phoenix, AZ 85004"
Cartridge World,"14884 N Pima Rd
Scottsdale, AZ 85260"
J L S Barber Shop,"18425 N 51st Ave
Glendale, AZ 85308"
Rolbertos Restaurante,"606 W Main St
Mesa, AZ 85201"
Papa Murphys,"9015 W Union Hills Dr
Peoria, AZ 85382"
Rosati's Pizza,"1035 N Ellsworth Rd
Ste 104
Mesa, AZ 85207"
Jimmy John's,"1321 E Flirence Blvd
Casa Grande, AZ 85122"
Warsaw Village World Foods,"10720 W Indian School Rd
Phoenix, AZ 85037"
Los Betos Mexican Food,"4353 E University Drive
Mesa, AZ 85205"
Santa Fe Hair Company,"3002 N Arizona Ave
Chandler, AZ 85225"
Angelinas Mexican Food,"5115 N 27th Ave
Phoenix, AZ 85017"
Der Kaffee Kuchen,"9814 W Peoria Ave
Peoria, AZ 85345"
Lost Dutchman Coffee Roasters,"1920 E 3rd St
Ste 9
Tempe, AZ 85281"
